,sample_iteration,sampled_dataset,iteration,epoch,training_size,reference_size,"gen_size,",src,aucroc
0,0,0,1,500,100,100,200,ablated_eq1,0.5631999999999999
0,0,0,1,500,100,100,200,ablated_eq2,0.6053000000000001
0,0,0,1,500,100,100,200,LOGAN_D1,0.4951
0,0,0,1,500,100,100,200,MC,0.5275500000000001
0,0,0,1,500,100,100,200,gan_leaks,0.5552
0,0,0,1,500,100,100,200,gan_leaks_cal,0.5596
0,0,0,1,500,100,100,200,LOGAN_0,0.5662999999999999
0,0,0,1,500,100,100,200,eq1,0.5631999999999999
0,0,0,1,500,100,100,200,domias,0.5739
