,sample_iteration,sampled_dataset,iteration,epoch,training_size,reference_size,"gen_size,",src,aucroc
0,1,0,1,500,100,100,200,ablated_eq1,0.5945
0,1,0,1,500,100,100,200,ablated_eq2,0.5937000000000001
0,1,0,1,500,100,100,200,LOGAN_D1,0.438
0,1,0,1,500,100,100,200,MC,0.5634000000000001
0,1,0,1,500,100,100,200,gan_leaks,0.5851999999999999
0,1,0,1,500,100,100,200,gan_leaks_cal,0.58
0,1,0,1,500,100,100,200,LOGAN_0,0.49670000000000003
0,1,0,1,500,100,100,200,eq1,0.5945
0,1,0,1,500,100,100,200,domias,0.6087
