,sample_iteration,sampled_dataset,iteration,epoch,training_size,reference_size,"gen_size,",src,aucroc
0,1,1,1,500,100,100,200,ablated_eq1,0.55765
0,1,1,1,500,100,100,200,ablated_eq2,0.5705500000000001
0,1,1,1,500,100,100,200,LOGAN_D1,0.5188999999999999
0,1,1,1,500,100,100,200,MC,0.54545
0,1,1,1,500,100,100,200,gan_leaks,0.5395000000000001
0,1,1,1,500,100,100,200,gan_leaks_cal,0.5515
0,1,1,1,500,100,100,200,LOGAN_0,0.4558
0,1,1,1,500,100,100,200,eq1,0.55765
0,1,1,1,500,100,100,200,domias,0.5795500000000001
